{
  "threshold": 0.85,
  "classification_report": {
    "benign": {
      "precision": 0.9974362261248558,
      "recall": 0.9994861913937059,
      "f1-score": 0.9984601565507507,
      "support": 7785.0
    },
    "attack": {
      "precision": 0.9999975122366858,
      "recall": 0.9999875613072071,
      "f1-score": 0.999992536747191,
      "support": 1607886.0
    },
    "accuracy": 0.9999851454906351,
    "macro avg": {
      "precision": 0.9987168691807708,
      "recall": 0.9997368763504565,
      "f1-score": 0.9992263466489708,
      "support": 1615671.0
    },
    "weighted avg": {
      "precision": 0.9999851708550674,
      "recall": 0.9999851454906351,
      "f1-score": 0.9999851530782206,
      "support": 1615671.0
    }
  },
  "confusion_matrix": [
    [
      7781,
      4
    ],
    [
      20,
      1607866
    ]
  ],
  "false_positive_rate": 0.0005138086062941554,
  "false_negative_rate": 1.243869279289701e-05
}